{
  "losses": [
    0.9649939671368666,
    0.6961387744252111,
    0.527480198673799,
    0.4199673527143371,
    0.3478331060056955,
    0.30753658470553413,
    0.2723653739396955,
    0.25092637119158895,
    0.22711889865532728,
    0.2153114217897536,
    0.20332265540327824,
    0.1935629089113692,
    0.18327128651066565,
    0.1778843456380804,
    0.16745942253881776,
    0.16468712430394872,
    0.1589715302934949,
    0.1513576043218794,
    0.1437291867611274,
    0.13831385817955916,
    0.13443783109246846,
    0.1278864900306077,
    0.12802618149090822,
    0.12334277160780531,
    0.1195242607467611,
    0.1147222901419015,
    0.11412950799288885,
    0.11015400169810778,
    0.10364028661918472,
    0.10292907885577478,
    0.10197160518924955,
    0.09598423679634718,
    0.09095628347090433,
    0.09259199222523562,
    0.09111366725303757,
    0.08595845441688114,
    0.08359308816282682,
    0.08274359917136985,
    0.08004480923040652,
    0.07894010327651467,
    0.07792077163680339,
    0.07617145842334754,
    0.07610546852606283,
    0.07449182374796397,
    0.07025833292798676,
    0.06963894434902869,
    0.06691127057961176,
    0.06627772218534644,
    0.06492201122127368,
    0.06594807377845889
  ],
  "metrics": {
    "both": {
      "optimistic": {
        "adjusted_arithmetic_mean_rank": 0.2992963194235365,
        "adjusted_arithmetic_mean_rank_index": 0.7008586931755685,
        "adjusted_geometric_mean_rank_index": 0.8586638586287609,
        "adjusted_hits_at_k": 0.04865304245200171,
        "adjusted_inverse_harmonic_mean_rank": 0.02305491149461159,
        "arithmetic_mean_rank": 1353.2088908548048,
        "count": 18086.0,
        "geometric_mean_rank": 470.90446601645044,
        "harmonic_mean_rank": 41.48857990681804,
        "hits_at_1": 0.007851376755501493,
        "hits_at_10": 0.04970695565630875,
        "hits_at_3": 0.020015481587968596,
        "hits_at_5": 0.02996793099635077,
        "inverse_arithmetic_mean_rank": 0.000738984207654971,
        "inverse_geometric_mean_rank": 0.002123572979588319,
        "inverse_harmonic_mean_rank": 0.024103018282283138,
        "inverse_median_rank": 0.0013175230566534915,
        "median_absolute_deviation": 1042.2693596094382,
        "median_rank": 759.0,
        "standard_deviation": 1518.566607587306,
        "variance": 2306044.541679219,
        "z_arithmetic_mean_rank": 163.11900323965565,
        "z_geometric_mean_rank": 115.7630630689854,
        "z_hits_at_k": 196.47535078198007,
        "z_inverse_harmonic_mean_rank": 230.17281971427556
      },
      "pessimistic": {
        "adjusted_arithmetic_mean_rank": 0.2992966006925197,
        "adjusted_arithmetic_mean_rank_index": 0.7008584118443618,
        "adjusted_geometric_mean_rank_index": 0.8586637457914097,
        "adjusted_hits_at_k": 0.04865304245200171,
        "adjusted_inverse_harmonic_mean_rank": 0.02305491073614526,
        "arithmetic_mean_rank": 1353.2101625566736,
        "count": 18086.0,
        "geometric_mean_rank": 470.9048411701424,
        "harmonic_mean_rank": 41.48858121096723,
        "hits_at_1": 0.007851376755501493,
        "hits_at_10": 0.04970695565630875,
        "hits_at_3": 0.020015481587968596,
        "hits_at_5": 0.02996793099635077,
        "inverse_arithmetic_mean_rank": 0.0007389835131822099,
        "inverse_geometric_mean_rank": 0.0021235712878107586,
        "inverse_harmonic_mean_rank": 0.024103017524630527,
        "inverse_median_rank": 0.0013175230566534915,
        "median_absolute_deviation": 1042.2693596094382,
        "median_rank": 759.0,
        "standard_deviation": 1518.567636601745,
        "variance": 2306047.66693421,
        "z_arithmetic_mean_rank": 163.1189377621686,
        "z_geometric_mean_rank": 115.76304785651632,
        "z_hits_at_k": 196.47535078198007,
        "z_inverse_harmonic_mean_rank": 230.17281214199176
      },
      "realistic": {
        "adjusted_arithmetic_mean_rank": 0.2992964481036186,
        "adjusted_arithmetic_mean_rank_index": 0.7008585644670192,
        "adjusted_geometric_mean_rank_index": 0.8586638268918192,
        "adjusted_hits_at_k": 0.04865304245200171,
        "adjusted_inverse_harmonic_mean_rank": 0.02305491073539871,
        "arithmetic_mean_rank": 1353.20947265625,
        "count": 18086.0,
        "geometric_mean_rank": 470.9045715332031,
        "harmonic_mean_rank": 41.488582611083984,
        "hits_at_1": 0.007851376755501493,
        "hits_at_10": 0.04970695565630875,
        "hits_at_3": 0.020015481587968596,
        "hits_at_5": 0.02996793099635077,
        "inverse_arithmetic_mean_rank": 0.0007389839156530797,
        "inverse_geometric_mean_rank": 0.0021235723979771137,
        "inverse_harmonic_mean_rank": 0.024103017523884773,
        "inverse_median_rank": 0.0013175230706110597,
        "median_absolute_deviation": 1042.2694091796875,
        "median_rank": 759.0,
        "standard_deviation": 1518.567138671875,
        "variance": 2306046.25,
        "z_arithmetic_mean_rank": 163.11897328381653,
        "z_geometric_mean_rank": 115.76305879028477,
        "z_hits_at_k": 196.47535078198007,
        "z_inverse_harmonic_mean_rank": 230.1728121345384
      }
    },
    "head": {
      "optimistic": {
        "adjusted_arithmetic_mean_rank": 0.4555415626219435,
        "adjusted_arithmetic_mean_rank_index": 0.5445808030344165,
        "adjusted_geometric_mean_rank_index": 0.6189712042190694,
        "adjusted_hits_at_k": 0.0038538735605043264,
        "adjusted_inverse_harmonic_mean_rank": 0.002627137198049967,
        "arithmetic_mean_rank": 2027.3596151719562,
        "count": 9043.0,
        "geometric_mean_rank": 1247.3329646778225,
        "harmonic_mean_rank": 269.29259884672183,
        "hits_at_1": 0.0005529138560212319,
        "hits_at_10": 0.004976224704191087,
        "hits_at_3": 0.0014375760256552029,
        "hits_at_5": 0.0027645692801061593,
        "inverse_arithmetic_mean_rank": 0.000493252402048653,
        "inverse_geometric_mean_rank": 0.0008017105522888935,
        "inverse_harmonic_mean_rank": 0.0037134329137994177,
        "inverse_median_rank": 0.0006013229104028864,
        "median_absolute_deviation": 1638.27545144869,
        "median_rank": 1663.0,
        "standard_deviation": 1611.6050198726346,
        "variance": 2597270.740078675,
        "z_arithmetic_mean_rank": 89.5780041598873,
        "z_geometric_mean_rank": 59.01106539272115,
        "z_hits_at_k": 10.912062238936453,
        "z_inverse_harmonic_mean_rank": 18.39083461608815
      },
      "pessimistic": {
        "adjusted_arithmetic_mean_rank": 0.455541860793307,
        "adjusted_arithmetic_mean_rank_index": 0.5445805047960397,
        "adjusted_geometric_mean_rank_index": 0.6189710002048088,
        "adjusted_hits_at_k": 0.0038538735605043264,
        "adjusted_inverse_harmonic_mean_rank": 0.002627136826729543,
        "arithmetic_mean_rank": 2027.3609421652106,
        "count": 9043.0,
        "geometric_mean_rank": 1247.3336320019223,
        "harmonic_mean_rank": 269.29262574499774,
        "hits_at_1": 0.0005529138560212319,
        "hits_at_10": 0.004976224704191087,
        "hits_at_3": 0.0014375760256552029,
        "hits_at_5": 0.0027645692801061593,
        "inverse_arithmetic_mean_rank": 0.0004932520791941495,
        "inverse_geometric_mean_rank": 0.0008017101233733582,
        "inverse_harmonic_mean_rank": 0.0037134325428834197,
        "inverse_median_rank": 0.0006013229104028864,
        "median_absolute_deviation": 1638.27545144869,
        "median_rank": 1663.0,
        "standard_deviation": 1611.606219816171,
        "variance": 2597274.6077501685,
        "z_arithmetic_mean_rank": 89.57795510270716,
        "z_geometric_mean_rank": 59.01104594254514,
        "z_hits_at_k": 10.912062238936453,
        "z_inverse_harmonic_mean_rank": 18.390832016721614
      },
      "realistic": {
        "adjusted_arithmetic_mean_rank": 0.45554172808666743,